-- Adminer 4.8.1 MySQL 11.3.2-MariaDB dump

SET NAMES utf8;
SET time_zone = '+00:00';
SET foreign_key_checks = 0;
SET sql_mode = 'NO_AUTO_VALUE_ON_ZERO';

DROP TABLE IF EXISTS `Assignment`;
CREATE TABLE `Assignment` (
  `AssignmentID` int(5) NOT NULL,
  `Title` varchar(100) NOT NULL,
  `Description` text NOT NULL,
  `Course_No` int(5) NOT NULL,
  `Deadline` date NOT NULL,
  PRIMARY KEY (`AssignmentID`),
  KEY `Course_No` (`Course_No`),
  CONSTRAINT `Assignment_ibfk_2` FOREIGN KEY (`Course_No`) REFERENCES `Course` (`CRN`) ON DELETE CASCADE ON UPDATE CASCADE
) ENGINE=InnoDB DEFAULT CHARSET=utf8mb3 COLLATE=utf8mb3_general_ci;

INSERT INTO `Assignment` (`AssignmentID`, `Title`, `Description`, `Course_No`, `Deadline`) VALUES
(10289,	'Assignment 1',	'Write a report on the given topic.',	39412,	'2024-06-20'),
(11238,	'Project 2',	'Write a report on the given topic.',	98625,	'2024-10-29'),
(13523,	'Homework 2',	'Complete the following problems from the textbook.',	58536,	'2024-12-18'),
(23987,	'Midterm Exam',	'Develop a small project based on the guidelines provided.',	91458,	'2024-10-31'),
(31173,	'Lab 1',	'Prepare for the upcoming midterm exam.',	58843,	'2024-10-18'),
(32866,	'Homework 1',	'Write a report on the given topic.',	91880,	'2024-10-25'),
(37927,	'Lab 2',	'Develop a small project based on the guidelines provided.',	31382,	'2024-07-01'),
(38265,	'Assignment 2',	'Complete the following problems from the textbook.',	33477,	'2024-09-11'),
(42537,	'Project 2',	'Conduct an experiment and submit the lab report.',	28096,	'2024-07-23'),
(44970,	'Midterm Exam',	'Develop a small project based on the guidelines provided.',	26644,	'2024-11-29'),
(46422,	'Homework 2',	'Write a report on the given topic.',	83415,	'2024-10-27'),
(46993,	'Assignment 2',	'Develop a small project based on the guidelines provided.',	32498,	'2024-11-08'),
(47866,	'Project 2',	'Conduct an experiment and submit the lab report.',	63641,	'2024-06-30'),
(53694,	'Homework 1',	'Complete the following problems from the textbook.',	64079,	'2024-08-27'),
(54018,	'Project 2',	'Write a report on the given topic.',	74661,	'2024-12-12'),
(59778,	'Lab 2',	'Prepare for the upcoming midterm exam.',	83415,	'2024-11-11'),
(59846,	'Lab 2',	'Conduct an experiment and submit the lab report.',	28096,	'2024-10-19'),
(63413,	'Project 2',	'Prepare for the upcoming midterm exam.',	91880,	'2024-06-29'),
(68357,	'Project 1',	'Conduct an experiment and submit the lab report.',	63464,	'2024-08-20'),
(71149,	'Lab 1',	'Develop a small project based on the guidelines provided.',	33477,	'2024-11-13'),
(76125,	'Lab 2',	'Write a report on the given topic.',	76649,	'2024-07-22'),
(78471,	'Homework 2',	'Develop a small project based on the guidelines provided.',	83415,	'2024-12-12'),
(80293,	'Midterm Exam',	'Complete the following problems from the textbook.',	61694,	'2024-07-16'),
(84208,	'Project 1',	'Complete the following problems from the textbook.',	68972,	'2024-06-29'),
(87031,	'Assignment 2',	'Write a report on the given topic.',	58843,	'2024-11-29'),
(89951,	'Lab 2',	'Prepare for the upcoming midterm exam.',	56981,	'2024-06-22'),
(95135,	'Homework 1',	'Develop a small project based on the guidelines provided.',	91458,	'2024-09-21'),
(96214,	'Assignment 2',	'Develop a small project based on the guidelines provided.',	44073,	'2024-06-16'),
(96816,	'Homework 1',	'Conduct an experiment and submit the lab report.',	72723,	'2024-07-22'),
(98092,	'Midterm Exam',	'Prepare for the upcoming midterm exam.',	64079,	'2024-11-16');

DROP TABLE IF EXISTS `Course`;
CREATE TABLE `Course` (
  `CRN` int(5) NOT NULL,
  `CName` varchar(100) NOT NULL,
  `CDepartment` varchar(100) NOT NULL,
  `Prof_ID` int(9) DEFAULT NULL,
  PRIMARY KEY (`CRN`),
  KEY `Prof_ID` (`Prof_ID`),
  CONSTRAINT `Course_ibfk_3` FOREIGN KEY (`Prof_ID`) REFERENCES `Professor` (`ProfessorID`) ON DELETE SET NULL ON UPDATE CASCADE
) ENGINE=InnoDB DEFAULT CHARSET=utf8mb3 COLLATE=utf8mb3_general_ci;

INSERT INTO `Course` (`CRN`, `CName`, `CDepartment`, `Prof_ID`) VALUES
(14721,	'British Literature',	'Economics',	21),
(26644,	'Introduction to Computer Science',	'Mathematics',	16),
(28096,	'Microbiology',	'Engineering',	29),
(31382,	'Organic Chemistry',	'History',	12),
(32498,	'General Physics',	'Chemistry',	4),
(33477,	'World History',	'Literature',	30),
(39412,	'Calculus I',	'Computer Science',	12),
(40577,	'General Physics',	'Biology',	11),
(41103,	'Introduction to Computer Science',	'Chemistry',	2),
(44073,	'Organic Chemistry',	'Economics',	11),
(56981,	'Introduction to Computer Science',	'Mathematics',	26),
(58536,	'Introduction to Computer Science',	'Mathematics',	13),
(58843,	'Introduction to Computer Science',	'Physics',	4),
(61694,	'Introduction to Philosophy',	'Biology',	23),
(63464,	'World History',	'Physics',	21),
(63641,	'Introduction to Computer Science',	'Chemistry',	11),
(64079,	'British Literature',	'Biology',	4),
(68972,	'Microbiology',	'Computer Science',	25),
(72723,	'Calculus I',	'Biology',	22),
(74661,	'Organic Chemistry',	'Computer Science',	7),
(76649,	'Introduction to Computer Science',	'Chemistry',	24),
(79772,	'Civil Engineering Fundamentals',	'Literature',	14),
(83415,	'World History',	'Biology',	9),
(85900,	'General Physics',	'Biology',	27),
(89165,	'Calculus I',	'Computer Science',	18),
(91458,	'Civil Engineering Fundamentals',	'Biology',	14),
(91880,	'Organic Chemistry',	'History',	16),
(93250,	'Civil Engineering Fundamentals',	'Biology',	15),
(94666,	'World History',	'Chemistry',	9),
(98625,	'Calculus I',	'Computer Science',	5);

DROP TABLE IF EXISTS `Enrolled`;
CREATE TABLE `Enrolled` (
  `S_ID` int(9) NOT NULL,
  `C_ID` int(5) NOT NULL,
  UNIQUE KEY `S_ID_C_ID` (`S_ID`,`C_ID`),
  KEY `C_ID` (`C_ID`),
  KEY `S_ID` (`S_ID`),
  CONSTRAINT `Enrolled_ibfk_3` FOREIGN KEY (`S_ID`) REFERENCES `Student` (`StudentID`) ON DELETE CASCADE ON UPDATE CASCADE,
  CONSTRAINT `Enrolled_ibfk_4` FOREIGN KEY (`C_ID`) REFERENCES `Course` (`CRN`) ON DELETE CASCADE ON UPDATE CASCADE
) ENGINE=InnoDB DEFAULT CHARSET=utf8mb3 COLLATE=utf8mb3_general_ci;

INSERT INTO `Enrolled` (`S_ID`, `C_ID`) VALUES
(10,	14721),
(14,	14721),
(30,	14721),
(9,	26644),
(6,	28096),
(30,	28096),
(3,	31382),
(8,	31382),
(1,	32498),
(14,	32498),
(23,	32498),
(24,	32498),
(27,	32498),
(11,	33477),
(26,	33477),
(29,	39412),
(18,	40577),
(28,	40577),
(2,	41103),
(4,	41103),
(21,	41103),
(9,	44073),
(12,	44073),
(25,	44073),
(4,	56981),
(1,	58536),
(3,	58536),
(4,	58536),
(5,	58843),
(6,	58843),
(7,	58843),
(12,	58843),
(13,	58843),
(17,	58843),
(18,	58843),
(20,	58843),
(29,	58843),
(11,	61694),
(14,	61694),
(19,	61694),
(22,	61694),
(25,	61694),
(3,	63464),
(8,	63464),
(10,	63464),
(15,	63464),
(16,	63464),
(18,	63641),
(24,	63641),
(25,	63641),
(17,	64079),
(30,	64079),
(5,	68972),
(12,	68972),
(21,	68972),
(23,	68972),
(13,	72723),
(15,	72723),
(22,	72723),
(7,	74661),
(9,	74661),
(15,	76649),
(17,	76649),
(19,	76649),
(23,	76649),
(26,	76649),
(6,	79772),
(11,	79772),
(24,	79772),
(28,	79772),
(8,	83415),
(20,	83415),
(27,	83415),
(10,	85900),
(13,	85900),
(16,	85900),
(22,	85900),
(2,	89165),
(20,	89165),
(5,	91458),
(19,	91458),
(27,	91458),
(1,	91880),
(28,	91880),
(2,	93250),
(7,	93250),
(21,	93250),
(26,	93250),
(29,	93250),
(16,	98625);

DROP TABLE IF EXISTS `Professor`;
CREATE TABLE `Professor` (
  `ProfessorID` int(9) NOT NULL,
  `PName` varchar(70) NOT NULL,
  `PEmail` varchar(255) NOT NULL,
  `PDepartment` varchar(100) NOT NULL,
  PRIMARY KEY (`ProfessorID`)
) ENGINE=InnoDB DEFAULT CHARSET=utf8mb3 COLLATE=utf8mb3_general_ci;

INSERT INTO `Professor` (`ProfessorID`, `PName`, `PEmail`, `PDepartment`) VALUES
(1,	'ProfessorName1',	'professor1@example.com',	'Chemistry'),
(2,	'ProfessorName2',	'professor2@example.com',	'Economics'),
(3,	'ProfessorName3',	'professor3@example.com',	'Philosophy'),
(4,	'ProfessorName4',	'professor4@example.com',	'Mathematics'),
(5,	'ProfessorName5',	'professor5@example.com',	'Computer Science'),
(6,	'ProfessorName6',	'professor6@example.com',	'Mathematics'),
(7,	'ProfessorName7',	'professor7@example.com',	'Physics'),
(8,	'ProfessorName8',	'professor8@example.com',	'Economics'),
(9,	'ProfessorName9',	'professor9@example.com',	'Physics'),
(10,	'ProfessorName10',	'professor10@example.com',	'History'),
(11,	'ProfessorName11',	'professor11@example.com',	'Mathematics'),
(12,	'ProfessorName12',	'professor12@example.com',	'Computer Science'),
(13,	'ProfessorName13',	'professor13@example.com',	'History'),
(14,	'ProfessorName14',	'professor14@example.com',	'Engineering'),
(15,	'ProfessorName15',	'professor15@example.com',	'History'),
(16,	'ProfessorName16',	'professor16@example.com',	'Engineering'),
(17,	'ProfessorName17',	'professor17@example.com',	'Mathematics'),
(18,	'ProfessorName18',	'professor18@example.com',	'Chemistry'),
(19,	'ProfessorName19',	'professor19@example.com',	'Economics'),
(20,	'ProfessorName20',	'professor20@example.com',	'Chemistry'),
(21,	'ProfessorName21',	'professor21@example.com',	'Literature'),
(22,	'ProfessorName22',	'professor22@example.com',	'Philosophy'),
(23,	'ProfessorName23',	'professor23@example.com',	'History'),
(24,	'ProfessorName24',	'professor24@example.com',	'Philosophy'),
(25,	'ProfessorName25',	'professor25@example.com',	'Economics'),
(26,	'ProfessorName26',	'professor26@example.com',	'History'),
(27,	'ProfessorName27',	'professor27@example.com',	'Philosophy'),
(28,	'ProfessorName28',	'professor28@example.com',	'History'),
(29,	'ProfessorName29',	'professor29@example.com',	'History'),
(30,	'ProfessorName30',	'professor30@example.com',	'Engineering');

DROP TABLE IF EXISTS `Reminder`;
CREATE TABLE `Reminder` (
  `NotificationID` int(5) NOT NULL,
  `Assign_ID` int(5) NOT NULL,
  `Message` text NOT NULL,
  `Date` date NOT NULL,
  `Time` time NOT NULL,
  PRIMARY KEY (`NotificationID`),
  KEY `Assign_ID` (`Assign_ID`),
  CONSTRAINT `Reminder_ibfk_1` FOREIGN KEY (`Assign_ID`) REFERENCES `Assignment` (`AssignmentID`) ON DELETE CASCADE ON UPDATE CASCADE
) ENGINE=InnoDB DEFAULT CHARSET=utf8mb3 COLLATE=utf8mb3_general_ci;

INSERT INTO `Reminder` (`NotificationID`, `Assign_ID`, `Message`, `Date`, `Time`) VALUES
(12373,	10289,	'Prepare for the upcoming exam.',	'2024-11-24',	'07:00:37'),
(14983,	11238,	'Dont forget to submit your assignment!',	'2024-12-04',	'19:54:42'),
(19357,	13523,	'Prepare for the upcoming exam.',	'2024-07-25',	'07:22:17'),
(19828,	23987,	'Group meeting scheduled for tomorrow.',	'2024-11-05',	'03:46:38'),
(21216,	31173,	'Group meeting scheduled for tomorrow.',	'2024-06-30',	'00:20:22'),
(21430,	32866,	'Group meeting scheduled for tomorrow.',	'2024-08-31',	'05:40:08'),
(26000,	37927,	'Dont forget to submit your assignment!',	'2024-12-18',	'01:49:01'),
(30702,	38265,	'Dont forget to submit your assignment!',	'2024-11-24',	'15:23:11'),
(32658,	42537,	'Check the latest course updates.',	'2024-08-07',	'02:49:56'),
(43241,	44970,	'Check the latest course updates.',	'2024-12-06',	'18:27:52'),
(47154,	46422,	'Dont forget to submit your assignment!',	'2024-07-21',	'02:54:47'),
(50986,	46993,	'Dont forget to submit your assignment!',	'2024-12-17',	'13:30:52'),
(54969,	47866,	'Remember to attend the lab session.',	'2024-11-27',	'11:39:50'),
(56748,	53694,	'Prepare for the upcoming exam.',	'2024-09-16',	'18:58:37'),
(60051,	54018,	'Check the latest course updates.',	'2024-07-28',	'21:29:50'),
(60891,	59778,	'Remember to attend the lab session.',	'2024-11-21',	'06:25:13'),
(62324,	59846,	'Remember to attend the lab session.',	'2024-10-02',	'20:31:14'),
(63070,	63413,	'Prepare for the upcoming exam.',	'2024-12-15',	'22:35:22'),
(64309,	68357,	'Group meeting scheduled for tomorrow.',	'2024-12-04',	'11:44:51'),
(67788,	71149,	'Remember to attend the lab session.',	'2024-06-22',	'02:40:34'),
(69313,	76125,	'Check the latest course updates.',	'2024-11-16',	'15:20:22'),
(74442,	78471,	'Remember to attend the lab session.',	'2024-08-02',	'12:20:44'),
(80209,	80293,	'Prepare for the upcoming exam.',	'2024-09-13',	'16:24:54'),
(82090,	84208,	'Check the latest course updates.',	'2024-12-04',	'22:16:50'),
(83147,	87031,	'Check the latest course updates.',	'2024-06-26',	'01:04:22'),
(87114,	89951,	'Check the latest course updates.',	'2024-10-15',	'17:50:20'),
(89097,	95135,	'Dont forget to submit your assignment!',	'2024-11-03',	'06:09:03'),
(89118,	96214,	'Remember to attend the lab session.',	'2024-07-22',	'17:00:05'),
(96598,	96816,	'Group meeting scheduled for tomorrow.',	'2024-11-26',	'06:08:55'),
(98741,	98092,	'Dont forget to submit your assignment!',	'2024-08-20',	'18:13:35');

DROP TABLE IF EXISTS `Student`;
CREATE TABLE `Student` (
  `StudentID` int(9) NOT NULL,
  `Name` varchar(70) NOT NULL,
  `Year` int(1) NOT NULL,
  `Email` varchar(255) NOT NULL,
  `Password` varchar(255) NOT NULL,
  PRIMARY KEY (`StudentID`)
) ENGINE=InnoDB DEFAULT CHARSET=utf8mb3 COLLATE=utf8mb3_general_ci;

INSERT INTO `Student` (`StudentID`, `Name`, `Year`, `Email`, `Password`) VALUES
(1,	'Name1',	5,	'email1@example.com',	'Pass@1'),
(2,	'Name2',	2,	'email2@example.com',	'Pass@2'),
(3,	'Name3',	1,	'email3@example.com',	'Pass@3'),
(4,	'Name4',	2,	'email4@example.com',	'Pass@4'),
(5,	'Name5',	2,	'email5@example.com',	'Pass@5'),
(6,	'Name6',	3,	'email6@example.com',	'Pass@6'),
(7,	'Name7',	3,	'email7@example.com',	'Pass@7'),
(8,	'Name8',	2,	'email8@example.com',	'Pass@8'),
(9,	'Name9',	2,	'email9@example.com',	'Pass@9'),
(10,	'Name10',	5,	'email10@example.com',	'Pass@10'),
(11,	'Name11',	4,	'email11@example.com',	'Pass@11'),
(12,	'Name12',	4,	'email12@example.com',	'Pass@12'),
(13,	'Name13',	1,	'email13@example.com',	'Pass@13'),
(14,	'Name14',	1,	'email14@example.com',	'Pass@14'),
(15,	'Name15',	1,	'email15@example.com',	'Pass@15'),
(16,	'Name16',	4,	'email16@example.com',	'Pass@16'),
(17,	'Name17',	2,	'email17@example.com',	'Pass@17'),
(18,	'Name18',	5,	'email18@example.com',	'Pass@18'),
(19,	'Name19',	1,	'email19@example.com',	'Pass@19'),
(20,	'Name20',	2,	'email20@example.com',	'Pass@20'),
(21,	'Name21',	1,	'email21@example.com',	'Pass@21'),
(22,	'Name22',	4,	'email22@example.com',	'Pass@22'),
(23,	'Name23',	2,	'email23@example.com',	'Pass@23'),
(24,	'Name24',	3,	'email24@example.com',	'Pass@24'),
(25,	'Name25',	5,	'email25@example.com',	'Pass@25'),
(26,	'Name26',	1,	'email26@example.com',	'Pass@26'),
(27,	'Name27',	4,	'email27@example.com',	'Pass@27'),
(28,	'Name28',	4,	'email28@example.com',	'Pass@28'),
(29,	'Name29',	5,	'email29@example.com',	'Pass@29'),
(30,	'Name30',	1,	'email30@example.com',	'Pass@30');

-- 2024-06-26 05:49:46
